ID_loukas,105_LG_Bas_clean.tps,105_LG_Bas_ID_added.tps,ID,Amy's ID number,Length,Max Width,LMW_matlab,BASI_matlab,AW,Age,spit,nodule_X,nodule_two_or_more,nodule_Area,raw_material,DISCARD,SITE,SITE_detail,SITE_GROUPED,AMY NOTES,Pit,TP,Spit,Plotted,Image J ID,SpecimenID,Notes,TP spit,Lustre,Weight,Category,Breakage,LONG/TRAN Breakage type,Retouch,Flake category,Cortex,Event size,Core,bipolar,import_2,import,Use_wear,CONJOIN SET,Perc. length,BASI,CON NO PIECES,CON WITH,CON TYPE,Complete refit,Platform,O'hang rem.,Plat crushing,Ext. Plat. Angle,Termination,BF FORM,Dorsal scars,Arris,Platform width,Max P width,Termination width,Plat thick,Max_thick,BA max back thick,BA FORM,BA backed edge no,BA cut edge,BA max width,LMW,BA backed edge 1,BA backed edge 2,BA backed edge 3,Heat Damage/surface pitting,Potlid,Area,Max_Length,Max_Width,elongation,FeretX,FeretY,Feret angle,Perimeter,Round
1195,ID=1195,ID=1195QUNAABCF,1195,AW19500,12.064,11.046,1.691,0.280338196,19500,1200-1500,6,F1 QUARTZ,F QUARTZ,F1,QUARTZ,UNKNOWN,BCJ AREA F,BCJ AREA F - area 1 - north,Lake George,,F48,,6,No,14,19500,,3 (20-30cm),,0.81,Flake,1,,backed,Backed artefact,,,,,CR - BA,CR - BA,No,,,0,,,,y,,,,,,,,,,,,,5.88,5.88,2,3,11.91,,,13.57,8.1,7.95,,,100.3,16.7,10,1.67,76.75,42.75,64.204,47.406,0.612
1196,ID=1196,ID=1196QUNAABCF,1196,AW19926,10.565,9.169,2.225,0.421202082,19926,1200-1500,4,F1 QUARTZ,F QUARTZ,F1,QUARTZ,UNKNOWN,BCJ AREA F,BCJ AREA F - area 1 - north,Lake George,,F54,,4,No,15,19926,,2 (10-20cm),,0.37,Flake,1,,backed,Backed artefact,,,,,CR - BA,CR - BA,No,,,0,,,,y,,,,,,,,,,,,,3.15,3.71,2,3,10.64,,,10.05,4.09,9.43,,,74.9,12.3,9.6,1.28125,52.75,54,4.667,36.102,0.806
1197,ID=1197,ID=1197QUNAABCF,1197,AW20034,8.712,11.324,3.611,0.828971534,20034,1200-1500,6,F1 QUARTZ,F QUARTZ,F1,QUARTZ,UNKNOWN,BCJ AREA F,BCJ AREA F - area 1 - north,Lake George,,F54,,6,No,4,20034,,3 (20-30cm),,0.35,Flake,1,,backed,Backed artefact,,,,,CR - BA,CR - BA,No,,,0,,,,y,,,,,,,,,,,,,4.05,4.12,6,2,9.26,,,11.65,11.92,,,,70.3,11.8,9,1.311111111,14.5,189.5,53.616,36.627,0.738
1198,ID=1198,ID=1198QUNAABCF,1198,AW20067,16.162,11.881,4.913,0.607969311,20067,1200-1500,6,F1 QUARTZ,F QUARTZ,F1,QUARTZ,UNKNOWN,BCJ AREA F,BCJ AREA F - area 1 - north,Lake George,,F54,,6,No,37,20067,,3 (20-30cm),,1.12,Flake,1,,backed,Backed artefact,,,,,CR - BA,CR - BA,No,,,0,,,,y,,,,,,,,,,,,,5.68,5.38,6,2,16.76,,,15.41,13.27,,,,145.8,18.3,12.5,1.464,17.25,53.75,68.344,55.477,0.662
1199,ID=1199,ID=1199QUNAABCF,1199,AW20399,13.955,10.323,6.362,0.91178789,20399,1200-1500,6,F1 QUARTZ,F QUARTZ,F1,QUARTZ,UNKNOWN,BCJ AREA F,BCJ AREA F - area 1 - north,Lake George,,F57,,6,No,44,20399,,3 (20-30cm),,0.46,Flake,1,,backed,Backed artefact,,,,,CR - BA,CR - BA,No,,,0,,,,y,,,,,,,,,,,,,4.13,3.8,6,1,14.62,,,10.87,,,,,90.6,14.4,10.7,1.345794393,37.75,145,54.926,41.006,0.813
1200,ID=1200,ID=1200QUNAABCF,1200,AW20442,14.306,10.842,6.445,0.901020551,20442,1200-1500,6,F1 QUARTZ,F QUARTZ,F1,QUARTZ,UNKNOWN,BCJ AREA F,BCJ AREA F - area 1 - north,Lake George,,F57,,6,No,87,20442,,3 (20-30cm),,0.63,Flake,1,,backed,Backed artefact,,,,,CR - BA,CR - BA,No,,,0,,,,y,,,,,,,,,,,,,3.95,3.95,6,2,14.91,,,15.98,13.44,,,,108.2,16.8,12.4,1.35483871,159.75,76.5,41.987,48.895,0.755
1201,ID=1201,ID=1201QUNAABCF,1201,AW20466,24.26,15.843,11.589,0.955399835,20466,1200-1500,6,F1 QUARTZ,F QUARTZ,F1,QUARTZ,UNKNOWN,BCJ AREA F,BCJ AREA F - area 1 - north,Lake George,,F57,,6,No,111,20466,,3 (20-30cm),,1.26,Flake,1,,backed,Backed artefact,,,,,CR - BA,CR - BA,No,,,0,,,,y,,,,,,,,,,,,,4.2,4.33,6,2,20.43,,,25.11,20.5,,,,209.1,24.3,15.7,1.547770701,138.25,26.5,24.981,73.28,0.662
1202,ID=1202,ID=1202QUNAABCF,1202,AW20701,15.251,10.801,7.399,0.97029703,20701,1200-1500,6,F1 QUARTZ,F QUARTZ,F1,QUARTZ,UNKNOWN,BCJ AREA F,BCJ AREA F - area 1 - north,Lake George,,F58,,6,No,42,20701,,3 (20-30cm),,0.39,Flake,1,,backed,Backed artefact,,,,,CR - BA,CR - BA,No,,,0,,,,y,,,,,,,,,,,,,2.64,1.45,6,1,15.67,,,12.3,,,,,94.7,15.3,10.8,1.416666667,93.5,39,146.31,45.774,0.722
1203,ID=1203,ID=1203QUNAABCF,1203,AW20846,17.809,10.786,6.834,0.767477118,20846,1200-1500,6,F1 QUARTZ,F QUARTZ,F1,QUARTZ,UNKNOWN,BCJ AREA F,BCJ AREA F - area 1 - north,Lake George,,F59,,6,No,43,20846,,3 (20-30cm),,0.51,Flake,1,,backed,Backed artefact,,,,,CR - BA,CR - BA,No,,,0,,,,y,,,,,,,,,,,,,2.15,2.12,6,2,18.4,,,14.74,11.95,,,,121.3,17.9,11.1,1.612612613,179,41,72.072,55.537,0.632
1204,ID=1204,ID=1204QUNAABCF,1204,AW21172,15.851,11.545,4.504,0.568292221,21172,1200-1500,6,F1 QUARTZ,F QUARTZ,F1,QUARTZ,UNKNOWN,BCJ AREA F,BCJ AREA F - area 1 - north,Lake George,,F60,,6,No,78,21172,,3 (20-30cm),,0.73,Flake,1,,backed,Backed artefact,,,,,CR - BA,CR - BA,No,,,0,,,,y,,,,,,,,,,,,,3.7,2.43,3,1,15.77,,,12.36,,,,,139.8,17.1,11.9,1.43697479,189.25,50.25,97.539,51.002,0.737
1205,ID=1205,ID=1205QUNAABCF,1205,AW21822,15.416,13.831,4.441,0.576154645,21822,1200-1500,4,F1 QUARTZ,F QUARTZ,F1,QUARTZ,UNKNOWN,BCJ AREA F,BCJ AREA F - area 1 - north,Lake George,,F63,,4,No,5,21822,,2 (10-20cm),,0.85,Flake,1,,backed,Backed artefact,,,,,CR - BA,CR - BA,No,,,0,,,,y,,,,,,,,,,,,,5,3.58,6,2,15.3,,,17.94,14.83,,,,132.4,17.6,13.6,1.294117647,61.5,148.5,110.746,53.966,0.798
1285,ID=1285,ID=1285QUNAABCF,1285,AW20373,14.329,12.103,5.804,0.810105381,20373,1200-1500,6,F1 QUARTZ,F QUARTZ,F1,QUARTZ,UNKNOWN,BCJ AREA F,BCJ AREA F - area 1 - north,Lake George,,F57,,6,No,18,20373,,3 (20-30cm),,0.56,Flake,1,,backed,Backed artefact,,,,,CR - BA,CR - BA,No,,,0,,,,y,,,,,,,,,,,,,2.93,2.75,3,2,14.95,,,11.03,10.79,,,,123.9,15,12.1,1.239669421,103.75,222,33.425,45.163,0.874
1286,ID=1286,ID=1286QUNAABCF,1286,AW20681,14.78,15.28,7.004,0.947767253,20681,1200-1500,6,F1 QUARTZ,F QUARTZ,F1,QUARTZ,UNKNOWN,BCJ AREA F,BCJ AREA F - area 1 - north,Lake George,,F58,,6,No,22,20681,,3 (20-30cm),,0.85,Flake,1,,backed,Backed artefact,,,,,CR - BA,CR - BA,No,,,0,,,,y,,,,,,,,,,,,,3.67,3.68,6,2,15.25,,,16.3,11.68,,,,163.6,16.9,15.2,1.111842105,34.25,97.75,66.468,58.698,0.885
1287,ID=1287,ID=1287QUNAABCF,1287,AW20404,17.752,9.562,3.461,0.389927895,20404,1200-1500,6,F1 QUARTZ,F QUARTZ,F1,QUARTZ,UNKNOWN,BCJ AREA F,BCJ AREA F - area 1 - north,Lake George,,F57,,6,No,49,20404,,3 (20-30cm),,0.55,Flake,1,,backed,Backed artefact,,,,,CR - BA,CR - BA,No,,,0,,,,y,,,,,,,,,,,,,3.07,3.06,6,2,18.06,,,17.23,9.71,,,,107.9,17.6,9.6,1.833333333,132,131.25,108.178,50.931,0.536
1228,ID=1228,ID=1228SIPROBCF,1228,AW19351,21.365,12.271,6.217,0.581979874,19351,1200-1500,6,F2 - F26 SIL,F26 SIL,F2,SILCRETE,ON-SITE PRODUCTION FROM CORE,BCJ AREA F,BCJ AREA F - area 2 - centre,Lake George,,F41,,6,No,12,19351,"ONLY DISTAL END BACKED, CORTEX ACTS AS NATURAL CHORD 2, AND SO DOES FACETTED PLATFORM CHORD 3",3 (20-30cm),no,0.82,Flake,1,,backed,Backed artefact,Secondary (some),Large (26+),,,CR - BA,CR - BA,No,F26A,22.09,0,12,"18955, 18958, 19059, 19078, 19079, 19091, 19108, 19350, 19351, 19372, 19374, 19391",Stacking,y,facetted,No,No,-6190,removed,,2,2,9.14,13.02,,1.98,2.71,2.21,7,1,17.52,,,9.36,,,,,190.1,22.2,12.5,1.776,65.25,37,106.39,58.259,0.567
1229,ID=1229,ID=1229SIPROBCF,1229,AW19363,21.503,5.103,2.02,0.187880761,19363,1200-1500,4,F2 - F26 SIL,F26 SIL,F2,SILCRETE,ON-SITE PRODUCTION FROM CORE,BCJ AREA F,BCJ AREA F - area 2 - centre,Lake George,,F42,,4,No,1,19363,,2 (10-20cm),no,0.39,Flake,1,,backed,Backed artefact,Tertiary (none),Large (26+),,,CR - BA,CR - BA,Yes,,22.3,0,,,,y,removed,,,,feather,,4 or more,1,,6.3,,,3.48,4.05,1,1,21.67,,,20.41,,,,,85.7,22.3,6.3,3.53968254,22.5,141,85.503,55.188,0.242
1220,ID=1220,ID=1220CHPROBCF,1220,AW18931,12.101,5.862,6.016,0.994297992,18931,1200-1500,6,F2 -F28 CHERT,F28 CHERT,F2,CHERT,ON-SITE PRODUCTION FROM CORE,BCJ AREA F,BCJ AREA F - area 2 - centre,Lake George,,F21,,6,No,12,18931,,3 (20-30cm),,0.24,Flake,1,,backed,Backed artefact,Tertiary (none),Large (26+),,,CR - BA,CR - BA,No,,12.42,0,,,,y,removed,,,,removed,,4 or more,1,,6.29,,,3.8,3.95,9,2,12.2,,,10.34,4.94,,,,50.6,12.4,5.9,2.101694915,54,20.75,64.983,30.86,0.461
1221,ID=1221,ID=1221CHPROBCF,1221,AW18663,15.93,7.794,2.93,0.367859385,18663,1200-1500,6,F2 -F28 CHERT,F28 CHERT,F2,CHERT,ON-SITE PRODUCTION FROM CORE,BCJ AREA F,BCJ AREA F - area 2 - centre,Lake George,,F17,,6,No,30,18663,,3 (20-30cm),,0.59,Flake,1,,backed,Backed artefact,Secondary (some),Large (26+),,,CR - BA,CR - BA,No,,18.45,0,,,,y,complex - mulitple,No,No,-6190,,,,,6.7,8.15,0.57,0.59,5.22,4.96,9,2,16.42,,,17.19,7.03,,,,99.4,18,7.8,2.307692308,54.25,80.25,76.35,43.324,0.469
1222,ID=1222,ID=1222CHPROBCF,1222,AW19428,17.658,8.887,5.956,0.674595084,19428,1200-1500,6,F2 -F28 CHERT,F28 CHERT,F2,CHERT,ON-SITE PRODUCTION FROM CORE,BCJ AREA F,BCJ AREA F - area 2 - centre,Lake George,,F46,,6,No,17,19428,,3 (20-30cm),,0.41,Flake,1,,backed,Backed artefact,Tertiary (none),Large (26+),,,CR - BA,CR - BA,No,,18.12,0,,,,y,removed,,,,removed,,4 or more,1,,9.09,,,3.41,2.2,9,2,18.27,,,15.51,8.19,,,,107.2,18.2,9.4,1.936170213,20.5,23.25,67.319,47.042,0.538
1224,ID=1224,ID=1224CHPROBCF,1224,AW19044,14.944,7.561,5.641,0.75495182,19044,1200-1500,4,F2 -F28 CHERT,F28 CHERT,F2,CHERT,ON-SITE PRODUCTION FROM CORE,BCJ AREA F,BCJ AREA F - area 2 - centre,Lake George,,F28,,4,No,2,19044,,2 (10-20cm),,0.35,Flake,1,,backed,Backed artefact,Secondary (some),Large (26+),,,CR - BA,CR - BA,No,,15.75,0,,,,y,cortical,No,No,-6190,feather,,4 or more,1,1.86,7.73,0.3,1.07,3.78,4.54,6,2,14.22,,,11.76,9.16,,,,72.9,15.2,7.9,1.924050633,29.25,110.5,80.538,40.627,0.522
1225,ID=1225,ID=1225CHPROBCF,1225,AW19043,13.497,5.351,2.004,0.296954879,19043,1200-1500,4,F2 -F28 CHERT,F28 CHERT,F2,CHERT,ON-SITE PRODUCTION FROM CORE,BCJ AREA F,BCJ AREA F - area 2 - centre,Lake George,,F28,,4,No,1,19043,,2 (10-20cm),,0.19,Flake,1,,backed,Backed artefact,Tertiary (none),Large (26+),,,CR - BA,CR - BA,No,,14.87,0,,,,y,complex - mulitple,No,No,-6190,feather,,4 or more,1,5.61,5.61,0.4,2.21,3.04,4.28,9,2,13.82,,,13.56,5.6,,,,50.9,14.6,5.8,2.517241379,13,113.75,84.094,35.763,0.339
1226,ID=1226,ID=1226CHPROBCF,1226,AW19410,13.861,6.043,4.602,0.664021355,19410,1200-1500,6,F2 -F28 CHERT,F28 CHERT,F2,CHERT,ON-SITE PRODUCTION FROM CORE,BCJ AREA F,BCJ AREA F - area 2 - centre,Lake George,,F45,,6,No,26,19410,,3 (20-30cm),,0.15,Flake,1,,backed,Backed artefact,Secondary (some),Large (26+),,,CR - BA,CR - BA,No,,14.66,0,,,,y,removed,,,,removed,,,,,6.41,,,1.75,1.82,6,2,14.27,,,11.6,8.16,,,,53.8,14.1,6.7,2.104477612,70.25,25,82.875,36.531,0.433
1227,ID=1227,ID=1227CHPROBCF,1227,AW19318,10.562,7.284,2.051,0.388373414,19318,1200-1500,4,F2 -F28 CHERT,F28 CHERT,F2,CHERT,ON-SITE PRODUCTION FROM CORE,BCJ AREA F,BCJ AREA F - area 2 - centre,Lake George,,F40,,4,No,17,19318,,2 (10-20cm),,0.28,Flake,3,7,backed,Backed artefact,Tertiary (none),Large (26+),,,CR - BA,CR - BA,No,,11.9,,,,,,flat - single,Yes,No,-6190,,,,,6.38,8.3,,1.68,NA,2.69,,,,,,,,,,,70.8,11.9,8.3,1.43373494,9.25,83.25,65.056,34.542,0.748
1282,ID=1282,ID=1282CHPROBCF,1282,AW19005,6.358,5.15,2.092,0.658068575,19005,1200-1500,4,F2 -F28 CHERT,F28 CHERT,F2,CHERT,ON-SITE PRODUCTION FROM CORE,BCJ AREA F,BCJ AREA F - area 2 - centre,Lake George,,F26,,4,No,5,19005,MICROLITH,2 (10-20cm),,0.08,Flake,1,,backed,Backed artefact,Tertiary (none),Large (26+),,,CR - BA,CR - BA,No,,7.67,0,,,,y,removed,,,,removed,,,,,5.58,,,2.43,2.23,6,2,6.73,,,7.34,5.82,,,,29.8,7.9,5.7,1.385964912,15,77.75,99.162,22.374,0.697
1283,ID=1283,ID=1283CHPROBCF,1283,AW19128,11.479,5.806,0,0,19128,1200-1500,4,F2 -F28 CHERT,F28 CHERT,F2,CHERT,ON-SITE PRODUCTION FROM CORE,BCJ AREA F,BCJ AREA F - area 2 - centre,Lake George,,F31,,4,No,22,19128,,2 (10-20cm),,0.24,Flake,1,,backed,Backed artefact,Tertiary (none),Large (26+),,,CR - BA,CR - BA,No,,11.55,0,,,,y,removed,,,,removed,,4 or more,2,6.14,6.14,0.66,1.7,3,3.3,6,2,11.97,,,11.17,5.58,,,,50.9,11.9,6.5,1.830769231,27.75,64.75,67.751,32.117,0.553
1210,ID=1210,ID=1210CHPROBCF,1210,AW18870,10.988,6.858,3.176,0.578085184,18870,1200-1500,4,F2-F30 CHERT,F30 CHERT,F2,CHERT,ON-SITE PRODUCTION FROM CORE,BCJ AREA F,BCJ AREA F - area 2 - centre,Lake George,,F18N,,4,No,1,18870,,2 (10-20cm),yes both sides,0.22,Flake,1,,backed,Backed artefact,Tertiary (none),Medium (10-25),,,CR - BA,CR - BA,No,,10.18,0,,,,y,removed,,,,removed,,2,1,,6.89,,,2.34,2.74,9,2,11.43,,,7.17,7.21,,,,57.6,11.6,7.2,1.611111111,12.75,39,82.569,32.117,0.63
1284,ID=1284,ID=1284CHPROBCF,1284,AW18918,13.517,8.265,5.156,0.762891174,18918,1200-1500,6,F2-F30 CHERT,F30 CHERT,F2,CHERT,ON-SITE PRODUCTION FROM CORE,BCJ AREA F,BCJ AREA F - area 2 - centre,Lake George,,F20,,6,No,6,18918,,3 (20-30cm),,0.43,Flake,1,,backed,Backed artefact,Tertiary (none),Medium (10-25),,,CR - BA,CR - BA,No,,13.67,0,,,,y,facetted,No,No,-6190,removed,,,,2.68,8.47,0.9,2.37,3.99,3.78,6,2,13.19,,,12.06,9.87,,,,83.2,14.9,8.9,1.674157303,37.5,22.5,81.327,40.481,0.596
1214,ID=1214,ID=1214SIISOBCF,1214,AW19007,15.405,6.233,3.184,0.413372282,19007,,6,F2 ISOSILC,NA,F2,SILCRETE,IMPORTED,BCJ AREA F,BCJ AREA F - area 2 - centre,Lake George,,F26,,6,No,7,19007,,3 (20-30cm),yes both sides,0.26,Flake,1,,backed,Backed artefact,Tertiary (none),Isolated,,,Imported BA,Imported BA,No,,15.4,0,,,,y,removed,,,,removed,,3,1,,6.5,,,2.52,3.23,9,2,15.61,,,9.54,7.03,,,,66.6,15.4,6.5,2.369230769,9.25,64.75,73.926,38.556,0.422
1281,ID=1281,ID=1281SIISOBCF,1281,AW19381,19.585,5.652,10.301,1.051927496,19381,,4,F2 ISOSILC,NA,F2,SILCRETE,IMPORTED,BCJ AREA F,BCJ AREA F - area 2 - centre,Lake George,,F43,,4,No,19,19381,,2 (10-20cm),yes both sides,0.31,Flake,1,,backed,Backed artefact,Tertiary (none),Isolated,,,Imported BA,Imported BA,Yes,,19.6,0,,,,y,removed,,,,feather,,3,1,,5.8,,,2.81,3.12,1,1,19.6,,,19.51,,,,,70.4,19.6,5.8,3.379310345,50.25,51,58.536,44.82,0.245
1211,ID=1211,ID=1211SISETBCF,1211,AW18614,20.639,14.479,6.757,0.654779786,18614,1200-1500,8,F3-F12 SIL,F12 SIL,F3,SILCRETE,IMPORTED,BCJ AREA F,BCJ AREA F - area 3 - south,Lake George,,F7Z,,8,No,20,18614,TRIANGULAR MICROLITH,4 (30-40cm),yes both sides,0.76,Flake,1,,backed,Backed artefact,Tertiary (none),Small (1-9),,,Imported BA,Imported BA,Possible,,19.98,0,,,,y,removed,,,,removed,,2,1,,14.41,,,3.41,,6,2,21.04,,,17.77,14.7,,,,186.8,21.3,15,1.42,34.5,40.25,60.422,61.784,0.695
1212,ID=1212,ID=1212SISETBCF,1212,AW18773,17.445,12.274,7.063,0.809744913,18773,1200-1500,8,F3-F12 SIL,F12 SIL,F3,SILCRETE,IMPORTED,BCJ AREA F,BCJ AREA F - area 3 - south,Lake George,,F18C,,8,No,18,18773,MICROLITH,4 (30-40cm),yes both sides,0.66,Flake,1,,backed,Backed artefact,Tertiary (none),Small (1-9),,,Imported BA,Imported BA,No,,14.98,0,,,,y,removed,,,,removed,,3,2,,11.77,,,2.89,,2,3,17.63,,,13.86,11.02,8.02,,,157.2,17.8,12.5,1.424,17,22.25,104.621,52.774,0.743
1216,ID=1216,ID=1216SIPROBCF,1216,AW18789,18.712,8.983,3.791,0.405194528,18789,1200-1500,6,F3-F13 SIL,F13 SIL,F3,SILCRETE,ON-SITE PRODUCTION FROM CORE,BCJ AREA F,BCJ AREA F - area 3 - south,Lake George,,F18D,,6,No,7,18789,"MICROLITH. BOTH PROXIMAL AND DISTAL ENDS REMOVED WITH BACKING. 3RD CHORD EDGE IS NOT BACKED, RATHER IT IS THE OTHER LATERAL MARGIN OF THE FLAKE",3 (20-30cm),yes both sides,0.36,Flake,1,,backed,Backed artefact,Tertiary (none),Large (26+),,,CR - BA,CR - BA,No,,19,0,,,,y,removed,,,,removed,,3,2,,9.8,,,1.96,1.63,3,2,19.27,,,11.94,9.99,,Yes,,123,19,9.8,1.93877551,13,69.75,87.739,50.163,0.57
1217,ID=1217,ID=1217SIPROBCF,1217,AW18611,14.678,11.343,7.356,1.002316392,18611,1200-1500,6,F3-F13 SIL,F13 SIL,F3,SILCRETE,ON-SITE PRODUCTION FROM CORE,BCJ AREA F,BCJ AREA F - area 3 - south,Lake George,,F7Z,,6,No,17,18611,TRIANGULAR MICROLITH,3 (20-30cm),,0.32,Flake,1,,backed,Backed artefact,Tertiary (none),Large (26+),,,CR - BA,CR - BA,No,,14.86,0,,,,y,removed,,,,removed,,,,,11.68,,,2.34,2.46,6,2,15.04,,,13.65,13,,,,96.3,14.7,12,1.225,111.5,80.25,139.821,44.067,0.89
1218,ID=1218,ID=1218SIPROBCF,1218,AW18700,10.463,12.399,1.248,0.238554908,18700,1200-1500,6,F3-F13 SIL,F13 SIL,F3,SILCRETE,ON-SITE PRODUCTION FROM CORE,BCJ AREA F,BCJ AREA F - area 3 - south,Lake George,,F18A,,6,No,24,18700,GEOMETRIC MICROLITH,3 (20-30cm),,0.48,Flake,1,,backed,Backed artefact,Tertiary (none),Large (26+),,,CR - BA,CR - BA,No,,9.53,0,,,,y,removed,,,,removed,,3,2,,12.78,,,2.48,2.76,3,2,10.99,,,13.73,12.5,,,,107.3,16.4,10.2,1.607843137,143.25,53.25,148.736,44.724,0.671
1219,ID=1219,ID=1219SIPROBCF,1219,AW18790,36.233,13.986,9.706,0.535754699,18790,1200-1500,6,F3-F13 SIL,F13 SIL,F3,SILCRETE,ON-SITE PRODUCTION FROM CORE,BCJ AREA F,BCJ AREA F - area 3 - south,Lake George,,F18D,,6,No,8,18790,,3 (20-30cm),ventral only,3.16,Flake,1,,backed,Backed artefact,Tertiary (none),Large (26+),,,CR - BA,CR - BA,No,,37.39,0,,,,y,facetted,No,No,-6190,feather,,4 or more,1,5.17,13.99,0.52,4.17,7.02,7.02,4,3,32.31,,,22.48,19.05,10.47,Yes,,346.1,37.1,13.8,2.688405797,30.5,36.5,97.748,93.376,0.391
1207,ID=1207,ID=1207SIPROBCF,1207,AW18796,14.434,12.805,6.913,0.957877234,18796,1200-1500,8,F3-F4 SIL ,F4 SIL ,F3,SILCRETE,ON-SITE PRODUCTION FROM CORE,BCJ AREA F,BCJ AREA F - area 3 - south,Lake George,,F18D,,8,No,14,18796,MICROLITH,4 (30-40cm),yes both sides,0.94,Flake,1,,backed,Backed artefact,Tertiary (none),NEE,,,CR - BA,CR - BA,No,,15.6,0,,,,y,removed,,,,removed,,2,1,,13,,,4.67,4.67,6,2,14.71,,,13.83,13.51,,,,132.9,15.6,13,1.2,33.5,7,102.926,48.406,0.885
1209,ID=1209,ID=1209SIPROBCF,1209,AW18227,13.453,13.052,7.039,1.046458039,18227,1200-1500,4,F3-F4 SIL ,F4 SIL ,F3,SILCRETE,ON-SITE PRODUCTION FROM CORE,BCJ AREA F,BCJ AREA F - area 3 - south,Lake George,,F7M,,4,No,16,18227,,2 (10-20cm),yes both sides,0.64,Flake,1,,backed,Backed artefact,Tertiary (none),NEE,,,CR - BA,CR - BA,Yes,,14.7,0,,,,y,removed,,,,removed,,2,1,,12.9,,,3.77,3.69,6,2,13.74,,,13.83,12.63,,,,125.3,14.7,12.9,1.139534884,62.75,147,66.93,45.36,0.9
1206,ID=1206,ID=1206SIPROBCF,1206,AW18015,18.781,12.426,4.568,0.486449071,18015,,6,F3-F2 SIL,NA,F3,SILCRETE,ON-SITE PRODUCTION FROM CORE,BCJ AREA F,BCJ AREA F - area 3 - south,Lake George,,F7G,,6,No,22,18015,,3 (20-30cm),yes both sides,0.87,Flake,1,,backed,Backed artefact,Tertiary (none),Large (26+),,,CR - BA,CR - BA,No,,12.02,0,,,,y,facetted,No,No,-6190,feather,,2,1,8.44,14.19,2.57,3.87,4.49,4.67,4,2,19.44,,,18.43,8.41,,,,148.9,21.6,13,1.661538462,72,65,71.775,56.052,0.524
1208,ID=1208,ID=1208SIPROBCF,1208,AW18312,29.614,9.582,9.557,0.645437969,18312,,4,F3-F5 SIL,NA,F3,SILCRETE,ON-SITE PRODUCTION FROM CORE,BCJ AREA F,BCJ AREA F - area 3 - south,Lake George,,F7O,,4,No,5,18312,,2 (10-20cm),yes both sides,0.85,Flake,1,,backed,Backed artefact,,Small (1-9),,,Imported BA,Imported BA,No,,30.04,0,"note imported as blank and backed on site, but only one so categorised as 'imported BACKED ARTEFACT'",,,y,,,,,,,4 or more,2,4.59,9.97,1.79,0.37,3.38,3.5,1,1,29.41,,,24.83,,,,,198.4,30.1,10,3.01,17.25,88.75,85.236,74.684,0.295
1213,ID=1213,ID=1213SIISOBCF,1213,AW18871,12.296,5.279,5.881,0.956571243,18871,,6,F3 ISOSILC,NA,F3,SILCRETE,IMPORTED,BCJ AREA F,BCJ AREA F - area 3 - south,Lake George,,F18N,,6,No,2,18871,,3 (20-30cm),yes both sides,0.12,Flake,1,,backed,Backed artefact,Tertiary (none),Isolated,,,Imported BA,Imported BA,No,,12.9,0,,,,y,facetted,No,No,-6190,feather,,3,1,,5.3,,,2.04,1.94,7,1,11.3,,,8.13,,,,,46.6,12.9,5.3,2.433962264,9,20.5,63.435,30.581,0.423
1215,ID=1215,ID=1215SIISOBCF,1215,AW17944,19.585,10.218,6.936,0.708297166,17944,,4,F3 ISOSILC,NA,F3,SILCRETE,IMPORTED,BCJ AREA F,BCJ AREA F - area 3 - south,Lake George,,F7F,,4,No,15,17944,"BOTH PROXIMAL AND DISTAL ENDS REMOVED WITH BACKING. 3RD CHORD EDGE IS NOT BACKED, RATHER IT IS THE OTHER LATERAL MARGIN OF THE FLAKE",2 (10-20cm),yes both sides,0.61,Flake,1,,backed,Backed artefact,Tertiary (none),Isolated,,,Imported BA,Imported BA,No,,19.8,0,,,,y,removed,,,,removed,,3,2,,10.5,,,2.94,2.86,3,2,20.02,,,12.53,9.04,,,,146.4,19.8,10.5,1.885714286,60.75,182.25,91.45,54.835,0.573
1240,ID=1240,ID=1240CHSETBCG,1240,AW325,23.812,9.361,9.111,0.765244415,325,middle,8,G11 CHERT,G11 CHERT,G1,CHERT,IMPORTED,BCJ AREA G,BCJ AREA G - Area 1 - centre,Lake George,,G9A,yes,8,no,17,325,termination removed with use wear,4 (30-40cm),no,0.71,Flake,1,,backed,Backed artefact,Secondary (some),Small (1-9),,,Imported BA,Imported set,Possible,,23.18,0,,,,y,flat - single,Yes,No,-6190,removed,,3,1,2.31,10,1.77,1.24,2.63,2.52,7,1,24.07,,,12.64,,,,,169.1,23.8,10.2,2.333333333,37,5.5,94.214,59.491,0.44
1245,ID=1245,ID=1245CHSETBCG,1245,AW1460,44.271,8.794,3.687,0.16656502,1460,middle,6,G11 CHERT,G11 CHERT,G1,CHERT,IMPORTED,BCJ AREA G,BCJ AREA G - Area 1 - centre,Lake George,,G9V,yes,6,no,1,1460,,3 (20-30cm),no,1.02,Flake,1,,backed,Backed artefact,Secondary (some),Small (1-9),,no,Imported BA,Imported set,Possible,,25.2,0,,,,y,facetted,no,no,-6190,feather,,4 or more,1,7.57,9.03,1.49,3.32,3.59,3.34,1,1,22.95,,,22.06,,,,,170.4,26.1,9.1,2.868131868,16.75,93.5,98.83,62.456,0.358
1242,ID=1242,ID=1242CHSETBCG,1242,AW2717,27.879,11.058,8.32,0.596865024,2717,middle,8,G16 CHERT,G16 CHERT,G1,CHERT,IMPORTED,BCJ AREA G,BCJ AREA G - Area 1 - centre,Lake George,,G20B,,8,no,9,2717,,4 (30-40cm),no,0.98,Flake,1,,backed,Backed artefact,Tertiary (none),Small (1-9),,no,Imported BA,Imported set,Possible,,28.5,0,,,,y,flat - single,yes,Yes,-6190,removed,,4 or more,1,3.23,10.9,3.32,0.38,3.16,2.5,7,1,28.26,,,11.73,,,,,248.9,28.5,11.4,2.5,59.5,110.5,86.987,72.234,0.386
1243,ID=1243,ID=1243CHSETBCG,1243,AW1240,31.496,14.07,8.35,0.53022606,1240,middle,6,G16 CHERT,G16 CHERT,G1,CHERT,IMPORTED,BCJ AREA G,BCJ AREA G - Area 1 - centre,Lake George,,G9R,yes,6,no,22,1240,,3 (20-30cm),no,1.72,Flake,1,,backed,Backed artefact,Tertiary (none),Small (1-9),,no,Imported BA,Imported set,Possible,,32.32,0,,,,y,flat - single,yes,No,-6190,removed,,4 or more,2,6.04,14.73,1.33,1.85,3.79,3.87,1,1,31.61,,,26.63,,,,,327.4,32.3,14.7,2.197278912,19.5,38.5,88.224,81.512,0.471
1238,ID=1238,ID=1238SISETBCG,1238,AW1275,23.606,8.708,11.677,0.989324748,1275,middle,6,G19 SIL,G19 SIL,G1,SILCRETE,IMPORTED,BCJ AREA G,BCJ AREA G - Area 1 - centre,Lake George,,G9S,yes,6,no,1,1275,,3 (20-30cm),yes both sides,0.54,Flake,1,,backed,Backed artefact,Tertiary (none),Small (1-9),,no,Imported BA,Imported set,Yes,,23.97,0,,,,y,flat - single,yes,no,-6190,removed,,3,2,4.39,9.22,1.5,0.96,1.98,2.14,7,1,23.3,,,13.66,,,,,149.8,24.1,10,2.41,8.25,53.75,84.644,59.345,0.363
1296,ID=1296,ID=1296SISETBCG,1296,"AW2754, 2697",29.27,8.404,10.643,0.727229245,2754,middle,4,G19 SIL,G19 SIL,G1,SILCRETE,IMPORTED,BCJ AREA G,BCJ AREA G - Area 1 - centre,Lake George,,G20C,,4,no,4,2754,,2 (10-20cm),yes both sides,0.15,Flake,3,7,backed,Backed artefact,Tertiary (none),Small (1-9),,,Imported BA,Imported set,No,G19C,30.46,0,2,"2697, 2754",Breakage,Y,flat - single,yes,No,-6190,removed,,4 or more,2,3.41,8.25,0.76,1.01,2.8,2.37,1,1,29.84,,,20.08,,,,,55.4,30,8.5,3.529411765,34.5,103,10.176,29.506,0.928
1298,ID=1298,ID=1298SISETBCG,1298,"AW1418, 1166",28.574,8.777,1.621,0.113459789,1418,middle,8,G19 SIL,G19 SIL,G1,SILCRETE,IMPORTED,BCJ AREA G,BCJ AREA G - Area 1 - centre,Lake George,,G9U,yes,8,no,1,1418,,4 (30-40cm),yes both sides,0.56,Flake,3,8,backed,Backed artefact,Tertiary (none),Small (1-9),,no,Imported BA,Imported set,Possible,G19A,30.7,,2,"1418, 1166",Breakage,,,,,,feather,,3,2,,9.59,1.06,,2.64,1.69,1,1,,,,,,,,,174.8,30.1,9.1,3.307692308,11,47.25,110.695,62.178,0.36
1246,ID=1246,ID=1246SIPROBCG,1246,AW2243,21.485,6.072,4.373,0.407074703,2243,middle,8,G4 SIL,G4 SIL,G1,SILCRETE,ON-SITE PRODUCTION FROM CORE,BCJ AREA G,BCJ AREA G - Area 1 - centre,Lake George,,G18A,,8,no,18,2243,,4 (30-40cm),yes both sides,0.57,Flake,1,,backed,Backed artefact,Tertiary (none),Large (26+),,no,CR - BA,CR - BA,Possible,,22.82,0,,,,y,removed,,,,removed,,2,1,,6.28,0.79,,4.34,3.28,1,1,21.72,,,22.2,,,,,94.2,22.6,6.3,3.587301587,7,61,83.66,51.324,0.25
1247,ID=1247,ID=1247SIPROBCG,1247,AW3675,26.725,6.984,8.844,0.661852198,3675,middle,6,G4 SIL,G4 SIL,G1,SILCRETE,ON-SITE PRODUCTION FROM CORE,BCJ AREA G,BCJ AREA G - Area 1 - centre,Lake George,,G20Z,,6,no,5,3675,,3 (20-30cm),ventral and some dorsal,0.44,Flake,3,9,backed,Backed artefact,Tertiary (none),Large (26+),,,CR - BA,CR - BA,No,,30.1,,,,,,,,,,removed,,2,1,,8,,,2.23,0.81,7,1,,,,14.03,,,,,165.4,30.1,8,3.7625,5.5,64.5,94.764,68.749,0.259
1249,ID=1249,ID=1249SIPROBCG,1249,AW1543,26.779,5.433,0,0,1543,middle,8,G4 SIL,G4 SIL,G1,SILCRETE,ON-SITE PRODUCTION FROM CORE,BCJ AREA G,BCJ AREA G - Area 1 - centre,Lake George,,G9W,yes,8,no,5,1543,,4 (30-40cm),no,0.48,Flake,1,,backed,Backed artefact,Tertiary (none),Large (26+),,no,CR - BA,CR - BA,No,,27.25,0,,,,y,facetted,no,no,-6190,removed,,3,1,5.38,5.89,1.84,3.83,3.84,1.41,7,1,27.08,,,8.18,,,,,136.8,27.1,6.8,3.985294118,72,51,93.708,64.506,0.221
1250,ID=1250,ID=1250SIPROBCG,1250,AW866,15.741,9.989,3.405,0.432628168,866,middle,10,G4 SIL,G4 SIL,G1,SILCRETE,ON-SITE PRODUCTION FROM CORE,BCJ AREA G,BCJ AREA G - Area 1 - centre,Lake George,,G9J,yes,10,no,4,866,,5 (40-50cm),yes both sides,0.22,Flake,1,,backed,Backed artefact,Tertiary (none),Large (26+),,,CR - BA,CR - BA,No,,16.68,0,,,,y,removed,,,,feather,,4 or more,0,,10.3,4.77,1.17,1.17,1.29,8,1,16.21,,,9.56,,,,,128.4,17.7,10.5,1.685714286,54,67.25,73.61,47.956,0.623
1294,ID=1294,ID=1294SIPROBCG,1294,"AW534, 289",28,8.245,5.289,0.377785714,534,middle,10,G4 SIL,G4 SIL,G1,SILCRETE,ON-SITE PRODUCTION FROM CORE,BCJ AREA G,BCJ AREA G - Area 1 - centre,Lake George,,G9D,yes,10,no,3,534,refit with different colours,5 (40-50cm),yes both sides,0.34,Flake,3,7,backed,Backed artefact,Tertiary (none),Large (26+),,,CR - BA,CR - BA,No,G4AR,29.93,0,2,"289, 534",Breakage,Y,flat - single,yes,no,-6190,removed,,3,2,2.79,9.55,,0.91,3.83,2.65,1,1,29.23,,,11.45,,,,,101.5,31,8.5,3.647058824,38.25,27.75,105.945,42.678,0.525
1295,ID=1295,ID=1295SIPROBCG,1295,"AW373, 2634",25.147,8.016,12.443,0.989621028,373,middle,6,G4 SIL,G4 SIL,G1,SILCRETE,ON-SITE PRODUCTION FROM CORE,BCJ AREA G,BCJ AREA G - Area 1 - centre,Lake George,,G9B,yes,6,no,4,373,BLACKENED,3 (20-30cm),yes both sides,0.19,Flake,3,7,backed,Backed artefact,Tertiary (none),Large (26+),,,CR - BA,CR - BA,No,G4B,25.53,0,9,"252, 43718, 2901, 2634, 373, 313, 1060, 791, 840",Stacking and Breakage,y,flat - single,Yes,yes,-6190,removed,,4 or more,1,5.32,8.46,,0.76,2.45,1.86,7,1,25.52,,,9.41,,,,,68.9,26.4,7.5,3.52,17.5,41,115.017,33.763,0.607
1230,ID=1230,ID=1230CHISOBCG,1230,AW1682,30.96,6.889,10.636,0.687080103,1682,middle,8,G ISOCHERT,NA,G1,CHERT,IMPORTED,BCJ AREA G,BCJ AREA G - Area 1 - centre,Lake George,,G9Y,yes,8,no,38,1682,"similar to G11, just darker",4 (30-40cm),no,0.53,Flake,1,,backed,Backed artefact,Tertiary (none),Isolated,,possible,Imported BA,Imported BA,Possible,,31.33,0,,,,y,complex - mulitple,no,no,,removed,,4 or more,2,3.07,7.16,2.12,1.15,2,2.27,7,1,31.3,,,7.49,,,,,160.6,31,7.2,4.305555556,33.25,31.75,91.848,70.627,0.214
1231,ID=1231,ID=1231SIISOBCG,1231,AW1512,21.164,11.069,7.299,0.68975619,1512,middle,8,G ISOSILC,NA,G1,SILCRETE,IMPORTED,BCJ AREA G,BCJ AREA G - Area 1 - centre,Lake George,,G9V,yes,8,no,24,1512,platform removed through use/rt,4 (30-40cm),yes both sides,1.06,Flake,1,,unifacial,Backed artefact,Tertiary (none),Isolated,,no,Imported BA,Imported BA,Possible,,21.63,,,,,y,removed,,No,,removed,,4 or more,2,,10.98,1.76,,4.74,4.55,1,3,,,,,,,,,167.8,21.6,11.3,1.911504425,73.5,24.25,79.992,55.37,0.531
1232,ID=1232,ID=1232SIISOBCG,1232,AW1750,24.887,11.353,6.679,0.536746092,1750,middle,10,G ISOSILC,NA,G1,SILCRETE,IMPORTED,BCJ AREA G,BCJ AREA G - Area 1 - centre,Lake George,,G9Z,yes,10,no,3,1750,,5 (40-50cm),yes both sides,1.25,Flake,1,,backed,Backed artefact,Tertiary (none),Isolated,,no,Imported BA,Imported BA,Yes,,26.25,0,,,,y,flat - single,yes,no,-6190,removed,,2,1,4.53,11.5,1.07,1.91,4.54,2.95,1,1,25.19,,,23.67,,,,,211.4,26.5,11.8,2.245762712,46,110.75,82.942,65.931,0.433
1233,ID=1233,ID=1233SIISOBCG,1233,AW1490,26.815,8.365,5.632,0.420063397,1490,middle,8,G ISOSILC,NA,G1,SILCRETE,IMPORTED,BCJ AREA G,BCJ AREA G - Area 1 - centre,Lake George,,G9V,yes,8,no,2,1490,,4 (30-40cm),yes both sides,0.68,Flake,1,,backed,Backed artefact,Tertiary (none),Isolated,,no,Imported BA,Imported BA,Yes,,27.52,0,,,,y,flat - single,Yes,No,-6190,feather,,4 or more,1,4.56,8.68,1.96,1.31,2.75,2.86,1,1,26.94,,,24.16,,,,,159.3,27.4,8.5,3.223529412,43.5,75.75,96.801,64.335,0.284
1234,ID=1234,ID=1234SIISOBCG,1234,AW222,26.562,7.5,10.178,0.766357955,222,middle,8,G ISOSILC,NA,G1,SILCRETE,IMPORTED,BCJ AREA G,BCJ AREA G - Area 1 - centre,Lake George,,G9,yes,8,no,7,222,dull/weathered both sides,4 (30-40cm),no,0.73,Flake,1,,backed,Backed artefact,Tertiary (none),Isolated,,,Imported BA,Imported BA,Yes,,26.93,0,,,,y,flat - single,no,No,-6190,removed,,4 or more,1,1.61,7.76,1.05,1.09,4.19,2.36,1,1,26.86,,,25.62,,,,,148.6,26.8,8,3.35,69.75,60,92.675,62.395,0.281
1235,ID=1235,ID=1235CHISOBCG,1235,AW1642,30.628,6.612,6.34,0.414000261,1642,middle,6,G ISOCHERT,NA,G1,CHERT,IMPORTED,BCJ AREA G,BCJ AREA G - Area 1 - centre,Lake George,,G9Y,yes,6,no,13,1642,,3 (20-30cm),yes both sides,0.59,Flake,1,,backed,Backed artefact,Secondary (some),Isolated,,no,Imported BA,Imported BA,Possible,,31.05,0,,,,y,flat - single,no,no,,feather,,4 or more,1,3.67,6.66,0.59,1.43,3.24,3.13,1,1,31.15,,,30.89,,,,,146.4,31.2,6.9,4.52173913,73.75,40.75,83.103,70.835,0.208
1236,ID=1236,ID=1236CHISOBCG,1236,AW1513,26.644,9.103,14.077,1.056673172,1513,middle,8,G ISOCHERT,NA,G1,CHERT,IMPORTED,BCJ AREA G,BCJ AREA G - Area 1 - centre,Lake George,,G9V,yes,8,no,25,1513,poss backing?,4 (30-40cm),no,1.49,Flake,1,,backed,Backed artefact,Secondary (some),Isolated,,no,Imported BA,Imported BA,Yes,,26.82,0,,,,y,complex - mulitple,No,yes,,hinge,,4 or more,1,3.08,7.74,1.9,4.01,6.95,6.94,1,1,26.53,,,26.92,,,,,164.3,27.3,8.3,3.289156627,85.25,1.25,93.674,63.774,0.279
1237,ID=1237,ID=1237SIPROBCG,1237,AW2428,19.126,7.843,5.752,0.60148489,2428,middle,8,G21 SIL,NA,G1,SILCRETE,ON-SITE PRODUCTION FROM CORE,BCJ AREA G,BCJ AREA G - area 2 - south,Lake George,,G19,,8,no,6,2428,,4 (30-40cm),yes both sides,0.42,Flake,1,,backed,Backed artefact,Tertiary (none),NEE,,,CR - BA,CR - BA,No,,19.4,0,,,,y,removed,,,-6190,removed,,4 or more,1,,8.31,1.87,,3.33,2.57,1,1,15.58,,,13.99,,,,,99.8,19,8.2,2.317073171,32,51.5,86.236,46.506,0.379
1239,ID=1239,ID=1239SISETBCG,1239,AW2785,28.372,5.89,11.289,0.795784576,2785,middle,4,G8 SIL,NA,G1,SILCRETE,IMPORTED,BCJ AREA G,BCJ AREA G - Area 1 - centre,Lake George,,G20D,,4,no,7,2785,,2 (10-20cm),yes both sides,0.39,Flake,1,,backed,Backed artefact,Tertiary (none),Small (1-9),,,Imported BA,Imported set,Yes,,28.63,0,,,,y,point,yes,No,,removed,,3,2,1.83,6.22,0.82,0.82,2.2,1.44,7,1,28.64,,,11.87,,,,,130.8,28.5,6.2,4.596774194,11.5,11.25,91.507,63.531,0.208
1241,ID=1241,ID=1241CHSETBCG,1241,AW1291,45.604,11.471,12.041,0.528067713,1291,middle,8,G14 CHERT,NA,G1,CHERT,IMPORTED,BCJ AREA G,BCJ AREA G - Area 1 - centre,Lake George,,G9S,yes,8,no,1,1291,,4 (30-40cm),no,1.95,Flake,1,,backed,Backed artefact,Secondary (some),Small (1-9),,no,Imported BA,Imported set,Yes,,46.68,0,,,,y,flat - single,no,Yes,-6190,feather,,3,1,3.48,11.4,0.73,1.67,4.39,4.39,1,1,46.34,,,37.27,,,,,345.7,45.8,11.3,4.053097345,14.25,53.25,76.419,104.401,0.229
1244,ID=1244,ID=1244CHSETBCG,1244,AW1044,16.713,7.825,0.203,0.024292467,1044,middle,6,G17 CHERT,NA,G1,CHERT,IMPORTED,BCJ AREA G,BCJ AREA G - Area 1 - centre,Lake George,Minor end breakage,G9N,yes,6,no,24,1044,,3 (20-30cm),yes both sides,0.86,Flake,1,,backed,Backed artefact,Secondary (some),Small (1-9),,no,Imported BA,Imported set,Possible,,19.38,0,,,,y,facetted,no,No,-6190,feather,,2,1,5.96,8.39,2.88,4.09,5.86,5.45,1,1,19.02,,,17.96,,,,,113.4,19.6,8.5,2.305882353,27.5,47.5,72.951,49.506,0.376
1288,ID=1288,ID=1288SIPROBCG,1288,AW3507,13.742,5.563,0,0,3507,middle,8,G5 SIL,NA,G1,SILCRETE,ON-SITE PRODUCTION FROM CORE,BCJ AREA G,BCJ AREA G - Area 3 - north,Lake George,,G20T,,8,no,26,3507,similar distinctive banding as 1527,4 (30-40cm),yes both sides,0.28,Flake,1,,backed,Backed artefact,Tertiary (none),Medium (10-25),,,CR - BA,CR - BA,No,G5B,14.09,0,2,"2018, 3507",Stacking,y,complex - mulitple,yes,No,-6190,removed,,3,1,5.77,7.28,2.31,1.58,2.55,2.55,1,1,14.27,,,9.99,,,,,71.8,14,7,2,105,35.75,100.305,36.849,0.483
1277,ID=1277,ID=1277SIPRON14,1277,AW41073,10.647,8.116,4.557,0.856015779,41073,,4,N14-W28 SIL,NA,N14,SILCRETE,ON-SITE PRODUCTION FROM CORE,WCL,WCL AREA N14,Lake George,,LD28,,4,No,3,41073,,,yes both sides,0.22,Flake,1,,backed,Backed artefact,Tertiary (none),,,,CR - BA,CR - BA,No,,11.1,0,,,,y,removed,,,,removed,,,,,8.4,,,3.21,3.2,6,2,11,,,9.87,9.57,,,,58.5,11.1,8.4,1.321428571,51.25,125.75,173.517,32.178,0.814
1278,ID=1278,ID=1278SIISON14,1278,AW38161,11.337,10.293,5.08,0.896180647,38161,,2,N14 ISOSIL,NA,N14,SILCRETE,IMPORTED,WCL,WCL AREA N14,Lake George,,KZ34,,2,No,1,38161,,,yes both sides,0.22,Flake,1,,backed,Backed artefact,Tertiary (none),,,,Imported BA,Imported BA,No,,14.5,,,,,y,,,,,,,,,,11.7,,,NA,,,,,,,,,,,,102.1,14.5,11.7,1.239316239,12.5,166,178.025,45.395,0.794
1273,ID=1273,ID=1273SIPRON14,1273,AW39683,18.179,11.723,9.276,1.02051818,39683,,5,N14-W1R SIL,W1 SIL,N14,SILCRETE,ON-SITE PRODUCTION FROM CORE,WCL,WCL AREA N14,Lake George,,LB34,,5,No,10,39683,,,no,0.69,Flake,1,,backed,Backed artefact,Tertiary (none),,,,CR - BA,CR - BA,No,,19.1,0,,,,y,removed,,,,removed,,3,1,,11.8,,,4.31,4.31,4,2,18.45,,,13.53,9.02,,,,150.4,19.1,11.8,1.618644068,63.75,180.5,49.236,51.724,0.621
1274,ID=1274,ID=1274SIPRON14,1274,AW40229,16.586,12.841,6.378,0.769082359,40229,,6,N14-W1 SIL,W1 SIL,N14,SILCRETE,ON-SITE PRODUCTION FROM CORE,WCL,WCL AREA N14,Lake George,,LC31,,6,Yes,25,40229,,,yes both sides,0.49,Flake,1,,backed,Backed artefact,Tertiary (none),,,,CR - BA,CR - BA,No,,17.1,0,,,,y,removed,,,,removed,,2,1,,13.1,,,2.59,2.59,4,2,17.13,,,12.57,10.86,,,,152.8,17.1,13.1,1.305343511,51,64.75,110.556,49.991,0.781
1275,ID=1275,ID=1275SIPRON14,1275,AW39672,16.003,9.002,5.89,0.736111979,39672,,10,N14-W1 SIL,W1 SIL,N14,SILCRETE,ON-SITE PRODUCTION FROM CORE,WCL,WCL AREA N14,Lake George,Potential breakage,LB33,,10,Yes,27,39672,,,ventral only,0.42,Flake,1,,backed,Backed artefact,Tertiary (none),,,,CR - BA,CR - BA,No,,18.3,0,,,,y,removed,,,,removed,,,,,8.9,,,3.32,2.47,4,2,15.72,,,12.81,6.37,,,,106.8,18.3,8.9,2.056179775,85.5,34.25,115.866,44.774,0.467
1276,ID=1276,ID=1276SIPRON14,1276,AW39650,24.49,22.732,11.032,0.900939159,39650,,5,N14-W1R SIL,W1 SIL,N14,SILCRETE,ON-SITE PRODUCTION FROM CORE,WCL,WCL AREA N14,Lake George,,LB33,,5,Yes,5,39650,,,yes both sides,2.68,Flake,3,9,backed,Backed artefact,Tertiary (none),,,,CR - BA,CR - BA,No,,25.2,,,,,,,,,,,,,,,19.9,,,7.09,5.68,,,,,,,,,,,351.3,25.2,19.9,1.266331658,16.25,198.75,82.593,78.866,0.824
1279,ID=1279,ID=1279SIPRON14,1279,AW40516,17.363,11.879,5.77,0.664631688,40516,,8,N14-W1 SIL,W1 SIL,N14,SILCRETE,ON-SITE PRODUCTION FROM CORE,WCL,WCL AREA N14,Lake George,,LC32,,8,Yes,7,40516,,,yes both sides,0.59,Flake,1,,backed,Backed artefact,Tertiary (none),,,,CR - BA,CR - BA,No,WC,19.9,0,18,,Stacking,y,facetted,Yes,Yes,-6190,removed,,4 or more,2,5.4,12.77,,0.87,2.29,1.78,7,1,17.26,,,12.97,,,,,175.1,19.9,12.5,1.592,141,83.75,109.799,53.713,0.709
1280,ID=1280,ID=1280SIPRON14,1280,AW39654,20.182,13.293,8.71,0.863145377,39654,,5,N14-W1R SIL,W1 SIL,N14,SILCRETE,ON-SITE PRODUCTION FROM CORE,WCL,WCL AREA N14,Lake George,,LB33,,5,Yes,9,39654,,,yes both sides,0.92,Flake,1,,backed,Backed artefact,Secondary (some),,,,CR - BA,CR - BA,No,WE,23.15,0,5,"39477, 39654, 40477, 41769, 41875",Stacking,y,removed,,,,feather,,1,1,,13.6,,,5.45,4.57,6,2,21.09,,,16.98,12.66,,,,173.1,20.5,13.6,1.507352941,93.25,179,19.983,55.734,0.729
1289,ID=1289,ID=1289SIPRON14,1289,"AW40202, 39521",24.396,11.719,12.178,0.998360387,40202,,9,N14-W1 SIL,W1 SIL,N14,SILCRETE,ON-SITE PRODUCTION FROM CORE,WCL,WCL AREA N14,Lake George,Potential breakage,LC31,,9,No,45,40202,,,yes both sides,0.19,Flake,3,8,backed,Backed artefact,Secondary (some),,,,CR - BA,CR - BA,No,WR1F,32.34,0,,,,,,,,,step,,2,2,,14.31,7.85,,3.41,2.6,8,1,22.14,,,12.78,,,,,37,24,14,1.714285714,41.25,13.5,164.476,27.117,0.901
1254,ID=1254,ID=1254QUNAAWN4,1254,AW35093,12.242,8.544,4.995,0.81604313,35093,,4,N4 QUARTZ ,N QUARTZ ,N4,QUARTZ,UNKNOWN,WCL,WCL AREA N4,Lake George, Minor end breakage,RI60,yes,4,No,10,35093,,2 (10-20cm),,0.39,Flake,1,,backed,Backed artefact,Tertiary (none),,,,CR - BA,CR - BA,NA,,13.2,0.987593052,,,,y,complex - mulitple,No,No,-6190,removed,,1,1,,8.82,,3.06,3.21,3.21,9,2,12.09,9.16,5.97,13.23,6.16,,,,82.6,13.2,8.5,1.552941176,160.5,167.25,104.3,39.213,0.614
1255,ID=1255,ID=1255QUNAAWN4,1255,AW30337,16.33,7.336,6.521,0.798652786,30337,,5,N4 QUARTZ ,N QUARTZ ,N4,QUARTZ,UNKNOWN,WCL,WCL AREA N4,Lake George,"Refit - 2 pieces glued OK for scan, 1 file. FILE: 1289",RI61,,5,No,13,30337,,,,0.48,Flake,1,,backed,Backed artefact,Tertiary (none),,,,CR - BA,CR - BA,NA,,17.64,0.814814815,,,,,removed,,,,removed,,1,1,,7.58,,,3.82,3.82,3,2,17.55,7.78,7.15,9.4,6.67,,,,88.8,17.1,7.3,2.342465753,87.75,113,78.198,43.92,0.404
1256,ID=1256,ID=1256QUNAAWN4,1256,AW25095,9.191,12.265,1.862,0.405178979,25095,,2,N4 QUARTZ ,N QUARTZ ,N4,QUARTZ,UNKNOWN,WCL,WCL AREA N4,Lake George,"Refit, 2 files A B FILE: 1292. Digital conjoin SUCCESSFUL.",RE58,,2,Yes,1,25095,,,,0.75,Flake,1,,backed,Backed artefact,Tertiary (none),,,,CR - BA,CR - BA,NA,,12.86,0.486210419,,,,,complex - mulitple,,,,removed,,3,1,,12.64,,,3.93,2.06,7,1,9.79,12.77,2.38,10.92,,,,,132.8,15.1,12.9,1.170542636,15.25,170.75,130.292,45.981,0.912
1257,ID=1257,ID=1257QUNAAWN4,1257,AW29000,13.982,9.929,6.041,0.864111,29000,,4,N4 QUARTZ ,N QUARTZ ,N4,QUARTZ,UNKNOWN,WCL,WCL AREA N4,Lake George,"Refit, 2 files A B FILE: 1293. Digital conjoin SUCCESSFUL.",RH63,,4,Yes,28,29000,,,,0.7,Flake,1,,backed,Backed artefact,Tertiary (none),,,,CR - BA,CR - BA,No,,14.7,0.901114206,,,,y,removed,,,,removed,,,,,9.81,,,5.45,5.45,6,2,14.36,9.44,6.47,11.99,11.06,,,,100.5,14.7,10.2,1.441176471,43.75,106,14.744,43.163,0.705
1258,ID=1258,ID=1258QUNAAWN4,1258,AW27111,21.901,14.079,9.525,0.869823296,27111,,4,N4 QUARTZ ,N QUARTZ ,N4,QUARTZ,UNKNOWN,WCL,WCL AREA N4,Lake George,"Refit, 2 files A B FILE: 1294. Digital conjoin SUCCESSFUL.",RG61,,4,Yes,4,27111,,,,1.08,Flake,1,,backed,Backed artefact,Tertiary (none),,,,CR - BA,CR - BA,NA,,22.41,0.762076749,,,,y,removed,,,,removed,,2,1,,13.48,,,3.63,3.63,3,2,22.15,13.93,8.44,12.54,13.76,,,,186.5,20.2,13.8,1.463768116,67,238.5,78.551,74.401,0.725
1268,ID=1268,ID=1268SIPROWN4,1268,AW34856,13.047,10.142,2.547,0.390434583,34856,,3,N4-N17E SIL,N17E SIL,N4,SILCRETE,ON-SITE PRODUCTION FROM CORE,WCL,WCL AREA N4,Lake George,,RK59,,3,No,9,34856,,,yes both sides,0.49,Flake,1,,backed,Backed artefact,Tertiary (none),,,,CR - BA,CR - BA,No,,14,0.797003745,,,,y,removed,,,,removed,,3,2,,11.13,,,2.36,2.33,3,2,13.35,11.33,5.32,8.92,9.15,,,,110.4,14,10.7,1.308411215,130.25,149.25,48.621,42.481,0.808
1269,ID=1269,ID=1269SIPROWN4,1269,AW28285,14.413,8.792,2.159,0.299590647,28285,,7,N4-N17E SIL,N17E SIL,N4,SILCRETE,ON-SITE PRODUCTION FROM CORE,WCL,WCL AREA N4,Lake George,,RH59,,7,Yes,6,28285,,,yes both sides,0.33,Flake,1,,backed,Backed artefact,Tertiary (none),,,,CR - BA,CR - BA,No,,16.6,0.988700565,,,,y,removed,,,,removed,,3,2,,9.4,,,2.05,2.43,3,2,14.16,9.35,7,10.84,7.57,,,,102.1,16.6,9.4,1.765957447,39.25,112.5,59.184,43.542,0.578
1270,ID=1270,ID=1270SIPROWN4,1270,AW28309,16.104,8.936,5.981,0.742796821,28309,,7,N4-N17E SIL,N17E SIL,N4,SILCRETE,ON-SITE PRODUCTION FROM CORE,WCL,WCL AREA N4,Lake George,,RH60,,7,No,13,28309,,,yes both sides,0.28,Flake,1,,backed,Backed artefact,Tertiary (none),,,,CR - BA,CR - BA,No,,16.96,0.736974262,,,,y,facetted,No,No,-6190,removed,,3,1,4.74,9.42,,2.09,2.36,1.34,7,1,15.93,9.5,5.87,9.55,,,,,120.6,17.6,9.9,1.777777778,28.75,138.5,114.376,48.102,0.579
1293,ID=1293,ID=1293SIPROWN4,1293,"AW28308, 28311",8.433,7.834,2.908,0.689671529,28308,,7,N4-N17E SIL,N17E SIL,N4,SILCRETE,ON-SITE PRODUCTION FROM CORE,WCL,WCL AREA N4,Lake George,Potential breakage,RH60,,7,No,15,28308,"CONJOINS WITH 28311,28308. HEATED",,yes both sides,0.11,Flake,3,9,backed,Backed artefact,Tertiary (none),,,,CR - BA,CR - BA,No,N17E3,10.6,,2,"2,830,828,311",,,,,,,,,,,,9.3,,,3.35,3.35,,,,,,,,,,,27.8,10.6,10,1.06,52,155.25,66.448,25.314,0.316
1259,ID=1259,ID=1259SIISOWN4,1259,AW27628,17.812,4.419,1.32,0.148214687,27628,,3,N4 ISOSILC,NA,N4,SILCRETE,IMPORTED,WCL,WCL AREA N4,Lake George,,RG67,,3,No,7,27628,,,yes both sides,0.18,Flake,1,,backed,Backed artefact,Tertiary (none),,,,Imported BA,Imported BA,No,,18.1,0.346281909,,,,y,flat - single,Yes,No,-6190,removed,,2,1,3.41,5.57,,0.63,1.74,1.52,1,1,18.02,5.58,3.12,13.93,,,,,73.9,18.1,5.7,3.175438596,15.5,106.5,82.875,43.471,0.293
1260,ID=1260,ID=1260SIISOWN4,1260,AW34676,13.449,6.213,2.436,0.362257417,34676,,5,N4 ISOSILC,NA,N4,SILCRETE,IMPORTED,WCL,WCL AREA N4,Lake George,,RO60,,5,No,5,34676,,,yes both sides,0.17,Flake,1,,backed,Backed artefact,Tertiary (none),,,,Imported BA,Imported BA,No,,13.2,0.927366104,,,,y,removed,,,,removed,,3,2,,7,,,1.98,1.98,3,2,13.63,6.84,6.32,6.65,7.33,,,,59.3,13.2,7,1.885714286,111.25,160.5,74.65,34.496,0.557
1261,ID=1261,ID=1261SIISOWN4,1261,AW28189,23.422,9.501,7.705,0.657928443,28189,,4,N4 ISOSILC,NA,N4,SILCRETE,IMPORTED,WCL,WCL AREA N4,Lake George,,RH59,,4,No,8,28189,,,no,0.97,Flake,1,,backed,Backed artefact,Tertiary (none),,,,Imported BA,Imported BA,No,,24.5,0.625711961,,,,y,flat - single,No,No,-6190,removed,,3,1,2.54,9.74,,1.45,5.3,5.3,1,1,24.58,9.74,7.69,24.14,,,,,159.6,24.5,10.2,2.401960784,14.5,139,75.822,59.698,0.392
1262,ID=1262,ID=1262SIISOWN4,1262,AW26445,15.671,16.641,6.325,0.807223534,26445,,2,N4 ISOSILC,NA,N4,SILCRETE,IMPORTED,WCL,WCL AREA N4,Lake George,,RG57,,2,No,1,26445,,,yes both sides,1.64,Flake,1,,backed,Backed artefact,Tertiary (none),,,,Imported BA,Imported BA,Yes,,22.1,0.870381966,,,,Y,facetted,No,No,-6190,removed,,3,2,13.39,16.47,,5.53,6.17,2.86,7,1,15.97,16.34,6.95,17.75,,,,,235.8,22.1,16.6,1.331325301,8,184.75,137.291,64.991,0.778
1263,ID=1263,ID=1263CHISOWN4,1263,AW28282,20.119,15.035,4.394,0.436801034,28282,,6,N4 ISOCHERT,NA,N4,CHERT,IMPORTED,WCL,WCL AREA N4,Lake George,,RH59,,6,Yes,3,28282,,,no,1.01,Flake,1,,backed,Backed artefact,Secondary (some),,,,Imported BA,Imported BA,No,,22.7,0.941638058,,,,y,removed,,,,removed,,4 or more,2,,15.5,,,3.68,3.44,3,2,20.39,14.36,9.6,15.64,15.47,,,,210.3,22.7,15.5,1.464516129,100.75,150.25,101.434,64.623,0.711
1264,ID=1264,ID=1264SIISOWN4,1264,AW26592,18.435,14.831,9.377,1.017304041,26592,,7,N4 ISOSILC,NA,N4,SILCRETE,IMPORTED,WCL,WCL AREA N4,Lake George,,RG58,,7,Yes,28,26592,,,no,1.55,Flake,1,,backed,Backed artefact,Tertiary (none),,,,Imported BA,Imported BA,No,,19.9,0.926383665,,,,y,removed,,,,removed,,2,1,,15.4,,,5.34,4.94,3,2,18.61,15.15,8.62,17.24,12.69,,,,209.5,19.9,15.4,1.292207792,80.75,47.75,118.496,61.198,0.771
1265,ID=1265,ID=1265SIISOWN4,1265,AW26824,20.915,10.339,10.275,0.98254841,26824,,9,N4 ISOSILC,NA,N4,SILCRETE,IMPORTED,WCL,WCL AREA N4,Lake George,,RG60,,9,No,8,26824,,,yes both sides,0.9,Flake,1,,backed,Backed artefact,Tertiary (none),,,,Imported BA,Imported BA,Yes,,22.9,0.907794677,,,,y,removed,,,,removed,,3,1,,10.6,,,3.85,3.85,3,2,21.04,10.57,9.55,11.21,7.63,,,,175,22.9,10.6,2.160377358,109,108.25,100.697,60.991,0.471
1266,ID=1266,ID=1266SIISOWN4,1266,AW30812,20.947,10.439,3.347,0.319568435,30812,,4,N4 ISOSILC,NA,N4,SILCRETE,IMPORTED,WCL,WCL AREA N4,Lake George,,RI63,,4,No,4,30812,,,yes both sides,1.23,Flake,1,,backed,Backed artefact,Tertiary (none),,,,Imported BA,Imported BA,Yes,,27.8,0.622349982,,,,y,facetted,No,Possible,-6190,removed,,2,1,3.93,10.65,,3.28,5.25,5.25,1,1,27.83,10.92,8.66,20.8,,,,,184.7,27.8,10.8,2.574074074,93,162.75,85.365,67.784,0.346
1267,ID=1267,ID=1267SIISOWN4,1267,AW28075,16.764,8.304,6.053,0.722142687,28075,,7,N4 ISOSILC,NA,N4,SILCRETE,IMPORTED,WCL,WCL AREA N4,Lake George,Minor end breakage,RH58,,7,No,12,28075,,,yes both sides,0.52,Flake,1,,backed,Backed artefact,Tertiary (none),,,,Imported BA,Imported BA,No,,18,0.934601665,,,,y,removed,,,,removed,,3,1,,8.3,,,5.34,4.4,3,2,16.82,8.37,7.86,13.22,4.44,,,,93.7,18,8.3,2.168674699,116,87,80.407,44.213,0.438
1271,ID=1271,ID=1271SIPROWN4,1271,AW32859,15.415,12.441,4.344,0.563606876,32859,,5,N4-N18M SIL,NA,N4,SILCRETE,ON-SITE PRODUCTION FROM CORE,WCL,WCL AREA N4,Lake George,Potential breakage,RK60,,5,No,16,32859,,,yes both sides,1.1,Flake,1,,backed,Backed artefact,Tertiary (none),,,,CR - BA,CR - BA,Possible,,18.4,0.75142315,,,,y,flat - single,No,No,-6190,removed,,3,1,6.91,13.12,,2.08,5.39,3.43,7,1,15.81,12.94,5.94,15.59,,,,,150.9,18.4,12.5,1.472,104.25,92.75,78.232,50.87,0.654
1272,ID=1272,ID=1272SIPROWN4,1272,AW32193,22.001,11.833,10.659,0.968955957,32193,,6,N4-N18A SIL,NA,N4,SILCRETE,ON-SITE PRODUCTION FROM CORE,WCL,WCL AREA N4,Lake George,Potential breakage,RJ63,,4,No,6,32193,,,yes both sides,0.78,Flake,1,,backed,Backed artefact,Tertiary (none),,,,CR - BA,CR - BA,No,,23.3,0.967940272,,,,y,complex - mulitple,No,No,-6190,removed,,2,1,5.49,12.05,,1.7,3.21,2.08,5,2,22.77,11.99,11.02,9.65,7.44,,,,201.1,23.3,11.8,1.974576271,123.25,183.5,80.134,60.042,0.477
